롱 a,숏 a,Sharpe,연변동성,"1,000억·5일 체결률 롱","1,000억·5일 체결률 숏"
0.0,0.7,1.3147385737534962,0.1431119799506831,0.4936585861144306,0.8024734876600041
0.45,0.7,1.3377717453254099,0.16515819742882587,0.7091805879239815,0.8024734876600041
0.55,0.7,1.2991927111230186,0.17555339269579806,0.7600000720614699,0.8024734876600041
0.65,0.7,1.256104960362391,0.1869684430489685,0.8122927099116183,0.8024734876600041
0.75,0.7,1.2146361141336899,0.1991651833277589,0.8634927136096908,0.8024734876600041
0.85,0.7,1.173651190736205,0.2127612751210341,0.911667355447534,0.8024734876600041
0.65,0.0,1.2138686177139257,0.20379837631393832,0.8122927099116183,0.5471558955305504
0.65,0.5,1.2619617761024235,0.18765336486313627,0.8122927099116183,0.7135773119418313
0.65,0.6,1.2625631895208966,0.18711014825960928,0.8122927099116183,0.7568831658907754
0.65,0.8,1.2440087811416858,0.18653303525350975,0.8122927099116183,0.8491401043213865
0.65,0.9,1.2251543516106589,0.18700679696720587,0.8122927099116183,0.8910148638206088
