"규모(억원, 다리별)",일수,전체,롱,숏
100,3,0.9459113408786802,0.9397893220106633,0.9692562798007612
100,5,0.9655865022402684,0.9606444645192871,0.98443184905056
300,3,0.8771578817464085,0.8741205131438325,0.888740069178395
300,5,0.9133095369950778,0.9077027083016259,0.9346896687220997
500,3,0.8306461804304872,0.8313116720820961,0.8281085134964051
500,5,0.8771579892500636,0.8741205582480075,0.8887403858133285
1000,3,0.740888119997668,0.7486739561489701,0.7111990128584509
1000,5,0.8102526573092274,0.8122927099116183,0.8024734876600041
1500,3,0.6731530007497383,0.6856786980783225,0.6253897595570076
1500,5,0.7566043970252643,0.7631134644140618,0.7317838902322895
