,종목,업종,커버일수 백분위,비중
329180,HD현대중공업,조선,0.974399369830642,0.1521573495229236
000080,하이트진로,음식료및담배,0.9996061441512406,0.1270103240767188
373220,LG에너지솔루션,하드웨어,0.9936983064198504,0.11858899485863007
138040,메리츠금융지주,증권,0.9814887751083103,0.09074669500270262
047810,한국항공우주,상업서비스,0.9909413154785348,0.08771900226003466
003670,포스코퓨처엠,화학,0.9862150452934226,0.07567172831835534
007310,오뚜기,음식료및담배,0.993304450571091,0.07242025778248692
0126Z0,삼성에피스홀딩스,의료,0.994486018117369,0.051710269117518984
323410,카카오뱅크,은행,0.9905474596297755,0.0489427472671009
026960,동서,음식료및담배,1.0,0.039453000872046916
300720,한일시멘트,기타 소재,0.9929105947223317,0.039142527026692936
302440,SK바이오사이언스,의료,0.9960614415124065,0.027414208834798944
009970,영원무역홀딩스,내구소비재및의류,0.9913351713272942,0.017187128459751195
361610,SK아이이테크놀로지,하드웨어,0.9956675856636471,0.016549414136234532
009240,한샘,내구소비재및의류,0.9940921622686096,0.014661216567151006
005420,코스모화학,화학,0.9763686490744388,0.012004056518481266
137310,에스디바이오센서,의료,0.9992122883024813,0.008621079378371338
