,종목,업종,SUR,비중
009150,삼성전기,하드웨어,2.520703626365984,0.08160241093694387
055550,신한지주,은행,2.933270158698105,0.06642264500280767
011200,HMM,운송,2.7026784632318956,0.06186211856435037
068270,셀트리온,의료,2.055282294872018,0.05772915792082875
069260,TKG휴켐스,화학,1.0898991010281385,0.05607760219044317
105560,KB금융,은행,2.2941612091444252,0.04447431029317516
011070,LG이노텍,하드웨어,1.5600557068279337,0.037964931393505603
066570,LG전자,내구소비재및의류,2.199537337552851,0.03743660033754052
042660,한화오션,조선,3.071804762001167,0.03281234453740071
010120,LS ELECTRIC,기타자본재,1.836744466171759,0.032380290682233547
000270,기아,자동차및부품,1.6538550446511613,0.03191246530571944
257720,실리콘투,유통,1.6852305247265107,0.03169994702541806
170900,동아에스티,의료,1.6732939923309706,0.03006390561783388
003490,대한항공,운송,2.4590148274183963,0.02930521449043473
006800,미래에셋증권,증권,1.3160840533272216,0.028551023750752087
003540,대신증권,증권,2.262667090648921,0.028209031212638822
000810,삼성화재,보험,3.054217928391228,0.026810655146696845
009540,HD한국조선해양,조선,2.8496932504089436,0.02556716583695514
006280,녹십자,의료,2.238110696211345,0.02411768523201529
028050,삼성E&A,건설,3.1936087749545226,0.022971833667859463
267270,HD건설기계,기타자본재,1.58926373224652,0.02269477072825561
016380,KG스틸,금속및광물,2.547383586873543,0.021611281934866562
322000,HD현대에너지솔루션,에너지,1.6732466436904248,0.018112676554530045
071050,한국금융지주,증권,0.6512156060387625,0.01659383524990611
016360,삼성증권,증권,1.7164294337485255,0.016267901940547252
006260,LS,기타자본재,0.7868502884307457,0.015420667421812055
128940,한미약품,의료,2.8978003055388295,0.01428028280563887
039490,키움증권,증권,3.2495255538190597,0.013431001902565297
069960,현대백화점,유통,1.3234534488206953,0.011214700951519961
375500,DL이앤씨,건설,1.624043064628198,0.010283251842234128
041830,인바디,의료,1.9734344015781724,0.009363468211816616
241560,두산밥캣,기타자본재,2.002826493840663,0.007860175296536211
028670,팬오션,운송,1.7573324015240683,0.007721351341710827
069620,대웅제약,의료,1.7918603915606097,0.005703809352337862
001430,세아베스틸지주,금속및광물,1.8928570303094467,0.005316691914261488
251970,펌텍코리아,기타 소재,1.4775522465615762,0.004327590899601984
102710,이엔에프테크놀로지,반도체,1.8503820598822103,0.0043103704999219155
030520,한컴,소프트웨어,1.8316578772792476,0.0030976000072201614
007690,국도화학,화학,2.8514179263754116,0.0025779584090216932
011760,현대코퍼레이션,기타자본재,2.058586288983074,0.0018392735901421584
