date,ex,L,S,long,short,to,tc,bc,rebate,S_hold,rf,mkt,short_pnl,n_long,n_short,n_stop,ban
2016-12-29,-0.001316956350551894,0.9999999999999998,1.0,0.02971403987828901,0.023530996228840896,2.0,0.005,0.0025,0.0012666666666666666,1.0,0.0012666666666666666,0.035335689045936425,-0.023530996228840896,35,17,0,False
2017-01-31,-0.0580908837553295,1.0,1.0,0.0052555707823143385,0.05802148728252068,1.1299869020492666,0.0028249672551231664,0.0025,0.0012416666666666667,1.0,0.0012416666666666667,0.01146312509274372,-0.05802148728252068,35,17,0,False
2017-02-28,0.007930134294341713,1.0,1.0,0.04852473260279661,0.03268832365842357,2.1625098600125305,0.0054062746500313265,0.0025,0.0012416666666666667,1.0,0.0012416666666666667,0.03282596735741805,-0.03268832365842357,35,17,0,False
2017-03-31,-0.009026484626823084,1.0,0.9999999999999999,0.010301040779612487,0.011073857538996522,2.3014671469756194,0.005753667867439048,0.0024999999999999996,0.001208333333333333,0.9999999999999999,0.0012083333333333332,0.028586647727272485,-0.01107385753899652,34,18,0,False
2017-04-28,-0.019447804414342802,1.0,1.0,0.05840902437158359,0.07128262125907182,1.6316472259175776,0.004079118064793944,0.0024907348340766377,0.0011706453720160199,0.9962939336306552,0.001175,0.04964612463317786,-0.07128262125907182,34,18,1,False
2017-05-31,0.05599572254205576,1.0,1.0,0.03793186130632302,-0.02657052668051926,2.419052839007317,0.006047632097518293,0.0024241358282744954,0.001115102481006268,0.9696543313097983,0.00115,0.027497286451994896,0.02657052668051926,34,18,1,False
2017-06-30,0.04208288446015865,1.0,1.0,0.04346864261247585,-0.005463878993711448,1.73985485841146,0.00434963714602865,0.0025,0.00115,1.0,0.00115,0.01488523960434085,0.005463878993711448,35,18,0,False
2017-07-31,0.0016909567696235367,1.0000000000000002,1.0,-0.02555565518919873,-0.033737854289810354,1.5964969323952318,0.00399124233098808,0.0025,0.0011583333333333333,1.0,0.0011583333333333333,-0.029207670956346354,0.033737854289810354,35,18,0,False
2017-08-31,0.014667660348588542,1.0,1.0000000000000002,-0.01572451617488216,-0.03683987491439132,1.5790793563682484,0.003947698390920621,0.0025000000000000005,0.0011500000000000002,1.0000000000000002,0.00115,0.04779387874455798,0.03683987491439133,35,18,0,False
2017-09-29,-0.011875387443014876,1.0,1.0000000000000002,0.03723707080597066,0.04213708235208366,1.7901503587607492,0.004475375896901873,0.0025000000000000005,0.0011500000000000002,1.0000000000000002,0.00115,0.05045117678067523,-0.04213708235208367,35,18,0,False
2017-10-31,0.01167531676995555,1.0,1.0,0.0639577511338809,0.045206535888676,1.8303593900997404,0.004575898475249351,0.0025,0.0011666666666666665,1.0,0.0011666666666666665,-0.04126815444562526,-0.045206535888676,34,16,0,False
2017-11-30,0.03931659386984129,1.0,1.0,0.03580332266553523,-0.011626048125208526,2.2519016732560244,0.005629754183140061,0.002462550156828812,0.0013461940857330838,0.9850200627315249,0.0013666666666666664,0.0037563889402056905,0.011626048125208526,34,17,1,False
2017-12-28,0.02847686700148373,0.9999999999999999,1.0,0.052209956109229606,0.01752246809238901,1.4842484061427432,0.003710621015356858,0.0025,0.0013833333333333334,1.0,0.0013833333333333334,0.022576687116564464,-0.01752246809238901,36,17,0,False
2018-01-31,0.05904595850671618,0.9999999999999998,1.0,-0.03847998617513438,-0.10424077396809148,1.6859317144963681,0.0042148292862409205,0.0025,0.0013750000000000001,1.0,0.0013750000000000001,-0.07502399808015359,0.10424077396809148,35,18,0,False
2018-02-28,-0.019546644224311856,1.0000000000000002,1.0,0.006383075942842506,0.01975863714682422,1.4684332081320584,0.003671083020330146,0.0025,0.0013750000000000001,1.0,0.0013750000000000001,0.01832333387384466,-0.01975863714682422,35,18,0,False
2018-03-30,0.01983231796260737,1.0,0.9999999999999999,0.002828442141546452,-0.023269462275600308,1.510652113188677,0.0037766302829716925,0.0024754581590393098,0.0013615019874716205,0.9901832636157238,0.0013750000000000001,0.027165605095541334,0.023269462275600304,35,18,1,False
2018-04-30,0.014633379083517492,1.0,1.0,0.02761523756103607,0.005933302326607043,1.821752986923637,0.0045543824673090925,0.0024870526302276366,0.0013678789466252002,0.9948210520910546,0.0013750000000000001,-0.02886553188850638,-0.005933302326607043,35,18,2,False
2018-05-31,-0.00033006714435742323,1.0000000000000002,1.0,-0.040421169055435795,-0.04746889845667901,1.9511186182402518,0.00487779654560063,0.0025,0.0013750000000000001,1.0,0.0013750000000000001,-0.06477874976055176,0.04746889845667901,36,18,0,False
2018-06-29,-0.012162257086073356,1.0,1.0,-0.004780841073511208,0.0004896427894411695,1.7567092892483909,0.004391773223120977,0.0025,0.0013750000000000001,1.0,0.0013750000000000001,0.019663400812480747,-0.0004896427894411695,36,18,0,False
2018-07-31,0.03965982653819175,1.0,1.0,0.005071317170521887,-0.041081403456599434,1.597157635571828,0.00399289408892957,0.0025,0.0013750000000000001,1.0,0.0013750000000000001,-0.0040175432722889814,0.041081403456599434,36,18,0,False
2018-08-31,-0.024034697354465458,1.0,1.0,-0.015164703938346867,0.001691772192735264,1.871288489353331,0.004678221223383328,0.0025,0.0013750000000000001,1.0,0.0013750000000000001,0.009008706174997494,-0.001691772192735264,36,18,0,False
2018-09-28,0.04753836501334596,1.0,0.9999999999999999,-0.12952708617316067,-0.18416315604694525,1.8390819441754407,0.004597704860438602,0.0024999999999999996,0.001375,0.9999999999999999,0.0013750000000000001,-0.12399640203884477,0.18416315604694522,36,18,0,False
2018-10-31,-0.021780786085351524,1.0000000000000002,0.9999999999999999,0.04981291690055605,0.06506122999615041,1.6136290233226493,0.004034072558306624,0.0024963086879628503,0.001414574923178949,0.9985234751851403,0.0014166666666666668,0.05031374786081022,-0.0650612299961504,36,18,1,False
2018-11-30,-0.010616721363890597,1.0,1.0,-0.04507541788272476,-0.04047034568692155,1.4046596672349554,0.0035116491680873886,0.0025,0.0015833333333333333,1.0,0.0015833333333333333,-0.06499384459410529,0.04047034568692155,37,18,0,False
2018-12-28,-0.01885439294658259,1.0,1.0,0.03038581711589154,0.04264463578845666,1.6382297096069873,0.004095574274017469,0.0025,0.0016083333333333331,1.0,0.0016083333333333331,0.10672656159237892,-0.04264463578845666,36,18,0,False
2019-01-31,0.019503960227668295,0.9999999999999999,1.0,0.03776653045011936,0.011291735332877738,1.7883339558293279,0.0044708348895733194,0.0025,0.0015500000000000002,1.0,0.0015500000000000002,-0.011476958605969534,-0.011291735332877738,36,18,0,False
2019-02-28,0.056351643561068816,1.0000000000000004,1.0,0.018333543902809626,-0.04457492946416728,1.6227319223632393,0.004056829805908099,0.0025,0.001575,1.0,0.001575,-0.007751937984496138,0.04457492946416728,36,18,0,False
2019-03-29,-0.013994203998470851,1.0,1.0,0.012510918920710597,0.0199612137479766,1.6175636684819406,0.0040439091712048516,0.0025,0.0015833333333333333,1.0,0.0015833333333333333,0.020690639269406397,-0.0199612137479766,36,19,0,False
2019-04-30,0.023468109010407016,1.0000000000000002,1.0,-0.04060361673076682,-0.07189526180305084,2.1294144247508,0.005323536061877,0.0025,0.0015333333333333334,1.0,0.0015333333333333334,-0.06277086537117282,0.07189526180305084,36,18,0,False
2019-05-31,0.0089522056336574,1.0,1.0,0.032722609912384966,0.016521480147795687,1.8995696523727503,0.004748924130931876,0.0025,0.0015333333333333334,1.0,0.0015333333333333334,0.033972255369928206,-0.016521480147795687,36,19,0,False
2019-06-28,0.03258929503467289,1.0,1.0,-0.05643507006277709,-0.09515460033693034,1.452094095792141,0.003630235239480353,0.0025,0.0014833333333333332,1.0,0.0014833333333333332,-0.04162008150899832,0.09515460033693034,37,18,0,False
2019-07-31,-0.02291335894595273,1.0,1.0,-0.04277122838672231,-0.027254979849799972,1.9588441636121583,0.004897110409030396,0.0025,0.00125,1.0,0.00125,-0.025025401723554164,0.027254979849799972,37,17,0,False
2019-08-30,-0.030239706729532873,1.0,0.9999999999999999,0.031056941019478045,0.0554107231039734,1.3543698580150099,0.003385924645037525,0.0024999999999999996,0.0012416666666666665,0.9999999999999999,0.0012416666666666667,0.05920951057588408,-0.055410723103973394,36,18,0,False
2019-09-30,-0.0027988609338702227,1.0,0.9999999999999998,0.008104575171435122,0.003986663256765101,1.766709139416098,0.004416772848540245,0.002499999999999999,0.0012916666666666664,0.9999999999999998,0.0012916666666666667,0.01461263756285991,-0.0039866632567651,36,18,0,False
2019-10-31,0.023113478504750245,1.0,1.0,0.005160507190258956,-0.02420963740272456,1.5026664352933101,0.0037566660882332754,0.0025,0.0012,1.0,0.0012,-0.003555651330675591,0.02420963740272456,36,17,0,False
2019-11-29,-0.003448753867753505,1.0000000000000002,1.0,0.04746275078637443,0.044242497594155994,1.6676028239887795,0.004169007059971949,0.0025,0.001275,1.0,0.001275,0.04653258362168411,-0.044242497594155994,36,18,0,False
2019-12-30,0.03250189537120764,1.0,1.0,-0.0214991753902192,-0.06104705453118546,1.8183935079034501,0.004545983769758626,0.0025,0.001275,1.0,0.001275,-0.018253831582572766,0.06104705453118546,37,18,0,False
2020-01-31,0.015935810047667167,1.0,1.0,-0.04134750190109892,-0.0643414510709589,1.8232556488771245,0.0045581391221928115,0.0025,0.0011833333333333333,1.0,0.0011833333333333333,-0.05149973688826526,0.0643414510709589,37,18,0,False
2020-02-28,-0.018060686244221198,1.0000000000000002,1.0,-0.13425855771891188,-0.12314427407362617,1.7844031316455449,0.004461007829113862,0.0024724429619275403,0.001162048192105944,0.9889771847710161,0.001175,-0.16281392166290642,0.12314427407362617,36,19,1,False
2020-03-31,0.1106521148785947,1.0,0.0,0.11761939194629696,0.0,2.420244160414236,0.00605061040103559,0.0,0.0,0.0,0.0009166666666666668,0.10713496796995803,-0.0,35,0,0,True
2020-04-29,0.11825692852520325,1.0,0.0,0.12102405838906148,0.0,0.740185278876625,0.0018504631971915624,0.0,0.0,0.0,0.0009166666666666668,0.09014365522745416,-0.0,34,0,0,True
2020-05-29,0.02684022510429341,1.0,0.0,0.029836639881609162,0.0,0.9285659109263017,0.0023214147773157542,0.0,0.0,0.0,0.0006750000000000001,0.0258794245763021,-0.0,36,0,0,True
2020-06-30,0.17458683460487945,1.0,0.0,0.179335580451697,0.0,1.6361650053936836,0.004090412513484209,0.0,0.0,0.0,0.0006583333333333334,0.06850781417255392,-0.0,35,0,0,True
2020-07-31,0.052552799778441864,1.0,0.0,0.05631387228627883,0.0,1.244429003134787,0.0031110725078369677,0.0,0.0,0.0,0.0006500000000000001,0.03456221198156695,-0.0,35,0,0,True
2020-08-31,-0.020868849504619074,1.0,0.0,-0.016712457120316493,0.0,1.4525569537210326,0.0036313923843025813,0.0,0.0,0.0,0.000525,0.011942803653852252,-0.0,35,0,0,True
2020-09-29,-0.03814925325043202,1.0,0.0,-0.03370798320643183,0.0,1.5665080176000785,0.003916270044000196,0.0,0.0,0.0,0.000525,-0.024114063347261627,-0.0,35,0,0,True
2020-10-30,0.11973469442892981,1.0,0.0,0.12362085309268332,0.0,1.3444634655014074,0.0033611586637535187,0.0,0.0,0.0,0.000525,0.1518221931688184,-0.0,36,0,0,True
2020-11-30,0.09210903846900145,1.0,0.0,0.09710433028515916,0.0,1.7781167264630833,0.004445291816157708,0.0,0.0,0.0,0.00055,0.13473325766174815,-0.0,35,0,0,True
2020-12-30,0.02340079405468938,0.9999999999999999,0.0,0.02804252188912624,0.0,1.6366911337747427,0.004091727834436857,0.0,0.0,0.0,0.00055,0.038936681004301255,-0.0,36,0,0,True
2021-01-29,-0.0014916852234810355,1.0,0.0,0.0019208743911595853,0.0,1.131690512522915,0.0028292262813072876,0.0,0.0,0.0,0.0005833333333333333,-0.0015645685401372011,-0.0,36,0,0,True
2021-02-26,0.07660362554077382,1.0,0.0,0.08005215074896609,0.0,1.1327434166102406,0.0028318585415256013,0.0,0.0,0.0,0.0006166666666666667,0.011137897782063755,-0.0,36,0,0,True
2021-03-31,0.02685081548831233,1.0,0.0,0.030602688426546638,0.0,1.2507491752937216,0.003126872938234304,0.0,0.0,0.0,0.000625,0.0022411902150589746,-0.0,34,0,0,True
2021-04-30,0.03319826262946622,1.0,0.0,0.03679020477365388,0.0,1.1934435243417276,0.002983608810854319,0.0,0.0,0.0,0.0006083333333333333,0.02369397659149297,-0.0,34,0,0,True
2021-05-31,0.02953464495405493,1.0000000000000002,1.0,0.04794282657165278,0.009071338928108115,2.7347370757958984,0.006836842689489746,0.0025,0.00055,1.0,0.00055,0.013989589142963332,-0.009071338928108115,34,18,0,False
2021-06-30,0.022444202466656408,1.0,1.0,-0.0006954676862902312,-0.03104262810412895,2.1747890496859688,0.005436972624214922,0.002456015509009557,0.0005566968487088329,0.9824062036038227,0.0005666666666666667,-0.021886602190951954,0.03104262810412895,35,18,1,False
2021-07-30,-0.007405035218335881,1.0,1.0,-0.00774357238828633,-0.006729870215014377,1.5565332180255718,0.0038913330450639294,0.0025,0.0005833333333333333,1.0,0.0005833333333333333,-0.016096909487101407,0.006729870215014377,35,18,0,False
2021-08-31,0.08775866973037827,1.0,1.0,0.00038225558619343035,-0.09582708091354565,2.3802667077443234,0.005950666769360809,0.0025,0.0007666666666666667,1.0,0.0007666666666666667,-0.059844732329967565,0.09582708091354565,35,19,0,False
2021-09-30,0.0026076844944412725,1.0,1.0000000000000002,-0.015371439454131485,-0.02449370760911776,1.6058334642180034,0.004014583660545009,0.0025000000000000005,0.0008666666666666668,1.0000000000000002,0.0008666666666666666,-0.01261430127409513,0.024493707609117767,36,18,0,False
2021-10-29,0.033235348712251374,1.0,1.0,-0.014933077626001443,-0.054710002096294695,1.616630303216752,0.00404157575804188,0.0025,0.0009333333333333334,1.0,0.0009333333333333334,-0.01713655370565148,0.054710002096294695,36,18,0,False
2021-11-30,-0.02817542162325026,1.0,1.0,0.06981163291501663,0.09071893447761963,1.910319802248043,0.004775799505620107,0.0024867595776330393,0.0010444390226058765,0.9947038310532158,0.00105,0.03231279200271442,-0.09071893447761963,36,18,1,False
2021-12-30,0.09911951904479131,1.0,1.0,-0.04983561759665642,-0.15768730402812273,2.492866954670005,0.006232167386675013,0.0025,0.001075,1.0,0.001075,-0.0857374023412808,0.15768730402812273,36,17,0,False
2022-01-28,-0.10876111989401928,1.0,0.9999999999999999,-0.0060428331869001135,0.09601623670346704,1.692029355689714,0.004230073389224285,0.002443953228855692,0.0012219766144278461,0.9775812915422768,0.00125,-0.002793141592920434,-0.09601623670346703,36,18,1,False
2022-02-28,0.013729058341696722,0.9999999999999999,1.0,0.03791965064601888,0.01806741007303033,1.4492728925167282,0.0036231822312918207,0.0025,0.00125,1.0,0.00125,0.007210405169305822,-0.01806741007303033,35,18,0,False
2022-03-31,-0.029324016666665512,1.0,1.0,-0.008148272967751268,0.015374675327355947,1.3204273486233191,0.003301068371558298,0.0025,0.0012583333333333333,1.0,0.0012583333333333333,-0.02524849252457395,-0.015374675327355947,35,18,0,False
2022-04-29,0.00535959321825172,1.0000000000000002,1.0,-0.012060314828717167,-0.0244836225286844,1.8254857926862034,0.004563714481715509,0.0025,0.0014333333333333333,1.0,0.0014333333333333333,-0.009914694085079945,0.0244836225286844,37,18,0,False
2022-05-31,-0.019887798150987297,0.9999999999999998,1.0,-0.1438645267678763,-0.13138133260254733,1.961841594263346,0.004904603985658365,0.0025,0.0016333333333333332,1.0,0.0016333333333333332,-0.1326353028444267,0.13138133260254733,37,18,0,False
2022-06-30,-0.036718613925352195,1.0000000000000002,1.0,0.02084848967960588,0.05068182797307812,1.7550012877072685,0.004387503219268171,0.00249303878941183,0.0016952663768000447,0.9972155157647321,0.0017000000000000001,0.06233142556410787,-0.05068182797307812,38,18,1,False
2022-07-29,0.06476247209768042,0.9999999999999999,1.0,0.03410517992867386,-0.03635630075549782,1.2796034345965006,0.0031990085864912515,0.0025,0.002275,1.0,0.002275,-0.02461528934575985,0.03635630075549782,37,18,0,False
2022-08-31,0.004086190721335262,1.0000000000000002,1.0000000000000002,-0.08422507591563705,-0.09622961425018224,2.1673390452839794,0.0054183476132099485,0.0025000000000000005,0.002433333333333334,1.0000000000000002,0.0024333333333333334,-0.08491524347660462,0.09622961425018227,37,18,0,False
2022-09-30,0.024514043521064975,1.0,1.0000000000000002,0.010153733133888258,-0.020846932806614496,1.5946489677751128,0.003986622419437782,0.0025000000000000005,0.002700000000000001,1.0000000000000002,0.0027000000000000006,0.05415062268012627,0.0208469328066145,37,18,0,False
2022-10-31,-0.06023473405957497,1.0,1.0,0.06945655643901162,0.12202953531614019,2.035200652180289,0.005088001630450723,0.002269520150013513,0.002995766598017837,0.9078080600054053,0.0032999999999999995,0.05969461629590622,-0.12202953531614019,37,18,3,False
2022-11-30,-0.024509901776639895,1.0,1.0000000000000002,-0.03197689876806926,-0.015479965448468197,2.2051873828155353,0.005512968457038838,0.0025000000000000005,0.0033583333333333343,1.0000000000000002,0.0033583333333333334,-0.10008695112104826,0.0154799654484682,38,18,0,False
2022-12-29,-0.013032878254229944,1.0,0.9999999999999998,0.0517408203899815,0.05718044116781514,2.037302990558525,0.0050932574763963125,0.002499999999999999,0.003316666666666666,0.9999999999999998,0.003316666666666667,0.10835432554608504,-0.05718044116781513,37,17,0,False
2023-01-31,0.04425438196359686,1.0,1.0,0.014680510426901702,-0.03822186550715591,2.459197588184299,0.006147993970460748,0.0025,0.003025,1.0,0.003025,-0.015349170273047164,0.03822186550715591,38,18,0,False
2023-02-28,-0.015836233803288233,1.0,1.0,-0.004730480276022164,0.004492272709029378,1.6453923272946769,0.004113480818236692,0.0025,0.0029916666666666668,1.0,0.0029916666666666668,0.013027256055144543,-0.004492272709029378,36,18,0,False
2023-03-31,0.012759925257802611,1.0,1.0,0.012249733960239463,-0.008106292603657004,2.038440522437542,0.005096101306093856,0.0025,0.0029916666666666668,1.0,0.0029916666666666668,0.02718646607153996,0.008106292603657004,36,18,0,False
2023-04-28,0.020375527226708497,1.0,1.0,0.021527409024126355,-0.005766156301590314,1.7672152396032685,0.0044180380990081715,0.0025,0.0029333333333333334,1.0,0.0029333333333333334,0.02731775502142275,0.005766156301590314,37,18,0,False
2023-05-31,0.03109848469157411,1.0,1.0,0.017190951921271732,-0.021545670573180978,2.0552551211514407,0.005138137802878602,0.0025,0.003133333333333333,1.0,0.003133333333333333,0.01478939895882636,0.021545670573180978,37,18,0,False
2023-06-30,-0.036293196878216534,1.0,1.0,-0.011722709515981589,0.0170784522489504,1.9968140453138177,0.004992035113284545,0.0025,0.0031249999999999997,1.0,0.0031249999999999997,0.023084994753410415,-0.0170784522489504,37,18,0,False
2023-07-31,-0.040701205585806734,0.9999999999999999,1.0,-0.03201074171572606,0.00031111195403969987,2.344731830827693,0.005861829577069233,0.0024289634906550658,0.0030281078183499823,0.9715853962620263,0.003116666666666667,-0.03623931623931631,-0.00031111195403969987,37,18,1,False
2023-08-31,0.024237326846565897,1.0000000000000002,0.9999999999999999,-0.030869478982515512,-0.06260889567013908,2.0008359364230595,0.005002089841057648,0.0024999999999999996,0.0030749999999999996,0.9999999999999999,0.003075,-0.0556639470261322,0.06260889567013907,37,18,0,False
2023-09-27,-0.03515528549673843,1.0,1.0,-0.03806832828079857,-0.010369920268811113,1.982750993900387,0.004956877484750967,0.0025,0.003191666666666667,1.0,0.003191666666666667,-0.030489904523399614,0.010369920268811113,38,18,0,False
2023-10-31,-0.07170244423972788,1.0000000000000002,1.0,0.05487072607596606,0.11840881913284798,2.2080699446086616,0.0055201748615216545,0.00197252565369144,0.002511682665700434,0.7890102614765762,0.003183333333333333,0.08101126860611552,-0.11840881913284798,37,18,3,False
2023-11-30,0.04757287050349737,1.0,0.0,0.05697051931879471,0.0,2.4790595261189354,0.006197648815297338,0.0,0.0,0.0,0.0031999999999999997,0.07691158900836315,-0.0,37,0,0,True
2023-12-28,-0.013157094055761685,1.0,0.0,-0.006464130080979706,0.0,1.4005189232461244,0.003501297308115311,0.0,0.0,0.0,0.003191666666666667,-0.05031202329773954,-0.0,37,0,0,True
2024-01-31,0.08327659869212009,1.0,0.0,0.09057915069443381,0.0,1.6943541342588235,0.004235885335647059,0.0,0.0,0.0,0.0030666666666666668,0.054583686224117356,-0.0,37,0,0,True
2024-02-29,0.0423957334219009,1.0,0.0,0.04899167196267605,0.0,1.4083754163100584,0.003520938540775146,0.0,0.0,0.0,0.003075,0.03649958460260305,-0.0,37,0,0,True
2024-03-29,-0.0029243008446568,1.0,0.0,0.0036756651587246687,0.0,1.426653068019254,0.003566632670048135,0.0,0.0,0.0,0.0030333333333333336,-0.026637811264293987,-0.0,36,0,0,True
2024-04-30,0.046421207521591436,1.0,0.0,0.05244874552198358,0.0,1.2210152001568575,0.003052538000392144,0.0,0.0,0.0,0.0029749999999999998,0.0032115506025089946,-0.0,37,0,0,True
2024-05-31,0.05423166669029633,1.0,0.0,0.06084162422797982,0.0,1.44064968174006,0.00360162420435015,0.0,0.0,0.0,0.0030083333333333333,0.051603370909488744,-0.0,38,0,0,True
2024-06-28,-0.05691217319542263,0.9999999999999999,0.0,-0.05100107270985543,0.0,1.1644401942268807,0.0029111004855672017,0.0,0.0,0.0,0.0030000000000000005,-0.009887079148670375,-0.0,39,0,0,True
2024-07-31,-0.037378495659021654,1.0,0.0,-0.03065311337361522,0.0,1.5234862474959054,0.0038087156187397637,0.0,0.0,0.0,0.002916666666666667,-0.04848373364166725,-0.0,39,0,0,True
2024-08-30,-0.005214749357422317,1.0,0.0,0.0023551018943533193,0.0,1.854607167376921,0.004636517918442303,0.0,0.0,0.0,0.0029333333333333334,-0.05901847606948529,-0.0,39,0,0,True
2024-09-30,-0.001121179560723239,1.0,0.0,0.005227366608763782,0.0,1.3627518011281419,0.0034068795028203546,0.0,0.0,0.0,0.0029416666666666666,-0.009479924864991829,-0.0,39,0,0,True
2024-10-31,-0.04279897202908841,1.0,0.0,-0.0369584526461077,0.0,1.1928744198589531,0.002982186049647383,0.0,0.0,0.0,0.002858333333333334,-0.03600106669827263,-0.0,39,0,0,True
2024-11-29,0.016972734977297843,1.0,0.0,0.022913336026520632,0.0,1.2795737530224485,0.0031989343825561214,0.0,0.0,0.0,0.0027416666666666666,-0.023267965820372494,-0.0,39,0,0,True
2024-12-30,0.024935473673621485,1.0,0.0,0.030627675805222257,0.0,1.1468808526403087,0.0028672021316007716,0.0,0.0,0.0,0.002825,0.021336186550020564,-0.0,40,0,0,True
2025-01-31,0.06291712508499087,0.9999999999999999,0.0,0.06832709993250069,0.0,1.1539899390039268,0.002884974847509817,0.0,0.0,0.0,0.002525,0.029178863041133818,-0.0,39,0,0,True
2025-02-28,0.006279067755026025,0.9999999999999999,0.0,0.011596867388515054,0.0,1.1637865200622772,0.002909466300155693,0.0,0.0,0.0,0.0024083333333333335,0.012574097359439707,-0.0,39,0,0,True
2025-03-31,0.06341662084348652,0.9999999999999998,1.0,0.08439830649750892,0.012733280253511715,2.2993621602042644,0.005748405400510661,0.0025,0.0023666666666666667,1.0,0.0023666666666666667,0.0016852935958842075,-0.012733280253511715,39,19,0,False
2025-04-30,0.09459974474983758,1.0,1.0000000000000002,0.11786229208482904,0.0155159781312676,2.100349724018068,0.005250874310045171,0.0024554644173656447,0.002218102857020299,0.9821857669462579,0.002258333333333333,0.06169013253047595,-0.015515978131267604,40,18,1,False
2025-05-30,0.01181144933833339,1.0,1.0,0.13022019222918346,0.11032622296089889,2.2368884336501385,0.005592221084125346,0.0024290159450669965,0.002097050432574507,0.9716063780267986,0.0021583333333333333,0.15727431955294846,-0.11032622296089889,40,19,3,False
2025-06-30,-0.03236547022962227,1.0,1.0,-0.007340420023527085,0.016720569052491932,2.3231368389827542,0.005807842097456886,0.0024770844737252496,0.0021137787509122132,0.9908337894900998,0.0021333333333333334,0.010714457310335046,-0.016720569052491932,41,19,1,False
2025-07-31,0.04328963110253907,1.0,1.0,0.03482226174353223,-0.015985710428908482,2.0073364279606567,0.005018341069901642,0.0025,0.0020916666666666666,1.0,0.0020916666666666666,0.006203650884198497,0.015985710428908482,41,18,0,False
2025-08-29,0.0134151533178502,1.0,1.0,0.0358375334083524,0.015567006456027559,1.7421494537898576,0.004355373634474644,0.0025,0.002108333333333333,1.0,0.002108333333333333,0.13237899511019768,-0.015567006456027559,40,18,0,False
2025-09-30,0.08012479428190424,0.9999999999999999,1.0,0.16870040959568355,0.08066197353025818,2.1835318248876723,0.005458829562219181,0.002184736427687979,0.0018715908730527015,0.8738945710751915,0.0021416666666666663,0.24961929198740007,-0.08066197353025818,40,18,4,False
2025-10-31,-0.015521049481211607,1.0,1.0,-0.012401369697388908,-0.0036954219210365673,1.7272913909618755,0.004318228477404689,0.002479154849697178,0.002107281622242601,0.9916619398788712,0.0021249999999999997,-0.07523830192143954,0.0036954219210365673,40,18,1,False
2025-11-28,0.10569204233490956,1.0,0.9999999999999998,0.07474634774008984,-0.0371294108223176,1.4746745186863663,0.003686686296715916,0.002455448961729594,0.002291752364280954,0.9821795846918375,0.002333333333333333,0.12674200303270977,0.03712941082231759,39,17,1,False
2025-12-30,0.07685212456956333,0.9999999999999999,1.0,0.12948740350998383,0.04583976234871273,1.719501289497011,0.004298753223742528,0.0024488952836612637,0.0022937985823627176,0.9795581134645056,0.002341666666666667,0.16227950718554252,-0.04583976234871273,39,18,2,False
2026-01-30,0.10323190874039163,1.0,1.0,0.18212407364725863,0.07239792455901538,1.6034852392302417,0.004008713098075605,0.0023391916641780845,0.002128664414402057,0.9356766656712339,0.002275,0.1846276845036252,-0.07239792455901538,40,18,2,False
2026-02-27,0.03311897392474455,1.0000000000000002,1.0,0.0009157813694911372,-0.03845022333711949,1.4988123127464335,0.0037470307818660837,0.0025,0.002341666666666667,1.0,0.002341666666666667,-0.05301373050965785,0.03845022333711949,39,18,0,False
2026-03-31,0.21709124550765385,1.0,1.0,0.30949681493983827,0.0860696939608385,1.5359306617949315,0.003839826654487329,0.0024341469476432597,0.0022880981307846645,0.9736587790573039,0.00235,0.28976211540351926,-0.0860696939608385,38,18,2,False
2026-04-30,0.1844209278418619,0.9999999999999998,1.0,0.10613117501558514,-0.08427921726708636,1.3957857763238164,0.003489464440809541,0.0025,0.002341666666666667,1.0,0.002341666666666667,0.3336794771640341,0.08427921726708636,38,18,0,False
2026-05-29,0.12185534073601996,1.0,1.0,0.019540273987512145,-0.10994331550511749,2.0512995026438636,0.005128248756609659,0.0025,0.0023833333333333332,1.0,0.0023833333333333332,-0.04611010707831231,0.10994331550511749,39,18,0,False
2026-06-30,-0.15120229445902578,1.0,1.0,-0.19030905730480344,-0.046193921876140194,1.8348636121450135,0.004587159030362534,0.0025,0.0024333333333333334,1.0,0.0024333333333333334,-0.261083153606518,0.046193921876140194,40,18,0,False
2026-07-31,0.016012172901278945,1.0,1.0,0.10072867268983322,0.07748096716706733,1.894380541677314,0.004735951354193285,0.002474876037619323,0.0024336281036590013,0.9899504150477293,0.0024583333333333336,0.08977217447705521,-0.07748096716706733,40,17,2,False
