,전략 (비용 후),전략 (비용 전),KOSPI200
2017-01-02,1.0,1.0,1.0
2017-02-01,0.9999497103161148,1.0074497103161149,1.0353356890459364
2017-03-02,0.9431033521566085,0.9555416197470602,1.047203871562452
2017-04-03,0.9517533083882487,0.9718604317785959,1.081579351666923
2017-05-02,0.9443123570291899,0.972283693104201,1.112498079582117
2017-06-01,0.9270571220231485,0.9609051041845184,1.1677292978952218
2017-07-03,0.9800344710989201,1.023957285698853,1.1998386848978337
2017-08-01,1.0224041881549124,1.0752396485836788,1.2176985712090953
2017-09-01,1.0253173142894438,1.0852829593955384,1.1821324320172069
2017-10-10,1.0415354353164012,1.1094471738203562,1.2386311261330467
2017-11-01,1.0303645642370036,1.1052867341087274,1.3011215240436318
2017-12-01,1.0435964889046176,1.1273017047574632,1.2474266400368719
2018-01-02,1.086053396757709,1.182286482193224,1.2521124596712243
2018-02-01,1.1184831687592027,1.2249325266771414,1.2803810109079734
2018-03-02,1.1860629938892628,1.3071693368488286,1.1843217084037485
2018-04-02,1.164510279136685,1.291482571218006,1.2060224304808724
2018-05-02,1.1892064188970612,1.3269459160055626,1.2387847595636807
2018-06-01,1.2082436860593178,1.3575317727977996,1.2030265785834995
2018-07-02,1.2095062195845039,1.3689658955736652,1.1250960208941463
2018-08-01,1.1964589650466413,1.3636331110185258,1.147219234905515
2018-09-03,1.2455554511373945,1.4284434845569067,1.14261023198648
2018-10-01,1.2173315415764163,1.4063290708461393,1.1529036718389918
2018-11-01,1.2768753236118027,1.485099066698837,1.0099477646335837
2018-12-03,1.250872882039,1.464554595050027,1.0607620218159468
2019-01-02,1.2395732619186401,1.4601290935139555,0.9918190198187122
2019-02-01,1.2181955075486015,1.4445780100100993,1.0976724535258868
2019-03-04,1.243843347314054,1.485062012771505,1.0850745122138572
2019-04-01,1.315895017539722,1.5808239695203654,1.076663081886618
2019-05-02,1.2995636146681375,1.5715493361625037,1.0989399293286215
2019-06-03,1.3320545794522858,1.6231354091854002,1.0299585189737284
2019-07-01,1.346021889651291,1.6519208442025302,1.0649485328007369
2019-08-01,1.3918843932725808,1.7183327925923684,1.020625288062682
2019-09-02,1.3617315020498473,1.6938186299041018,0.9950837302196952
2019-10-01,1.3222439573985387,1.65467089823289,1.0540021508680284
2019-11-01,1.320251078886103,1.6636219704831317,1.0694039022891377
2019-12-02,1.3523509751134737,1.7144791346688653,1.0656014748809337
2020-01-02,1.3494112969507606,1.7221861524719775,1.1151866646182207
2020-02-03,1.394990221140592,1.7924907496325866,1.0948302350591486
2020-03-02,1.4188712587513914,1.8358283048708146,1.0384467660162848
2020-04-01,1.3949126438551722,1.8175577093291284,0.8693731756030109
2020-05-04,1.5505413478921728,2.0313377419277248,0.9625134429251802
2020-06-01,1.735324934814131,2.27717847941469,1.0492779228760174
2020-07-01,1.7830727910246351,2.3451218336511364,1.0764326317406663
2020-08-03,2.0955476817338052,2.7656856189189107,1.150176678445229
2020-09-01,2.207036685471267,2.921432085646708,1.1899293286219075
2020-10-05,2.162137063290866,2.872607777185421,1.2041404209555993
2020-11-02,2.0807882708594647,2.775777962473389,1.1751037025656776
2020-12-01,2.331023232484325,3.1189220021902195,1.3535105238899976
2021-01-04,2.547013603855226,3.4217828344245484,1.5358734060531565
2021-02-01,2.608016602135655,3.5177382544587354,1.595675218927638
2021-03-02,2.605647605325568,3.5244953877865277,1.5931786756798272
2021-04-01,2.806856474798426,3.80663882388365,1.6109233369181128
2021-05-03,2.8839771454021625,3.9231322057633577,1.6145337225380239
2021-06-01,2.9814745955227213,4.067465042967508,1.6527884467660159
2021-07-01,3.0711712001685565,4.227810565899401,1.675910278076509
2021-08-02,3.141841518741666,4.3584662201779585,1.6392302965125207
2021-09-01,3.120408812530887,4.356590472126869,1.6128437548010444
2021-10-01,3.396644052356487,4.7790752035465776,1.516323552004916
2021-11-01,3.4084451865636622,4.826813074262581,1.49719618989092
2021-12-01,3.5249072664131593,5.023313878885727,1.4715394069749574
2022-01-03,3.429292670628844,4.92353648581416,1.519088953756337
2022-02-03,3.7728890004263285,5.459841000738323,1.3888462129359347
2022-03-02,3.367261478754667,4.909286504475075,1.3849669688124133
2022-04-01,3.417699884896681,5.012883449334234,1.3949531418036563
2022-05-02,3.321779802198805,4.901273529486558,1.3597326778306957
2022-06-02,3.3443444084156804,4.969188717390671,1.346251344292518
2022-07-01,3.2832951910741386,4.91527371135906,1.1676908895375633
2022-08-01,3.1683187443749476,4.77696738617871,1.2404747273006609
2022-09-01,3.3807148237975415,5.1244271821924166,1.2099400829620526
2022-10-04,3.402755475413264,5.198413004220299,1.1071977262252266
2022-11-01,3.495358211012703,5.373602984296293,1.1671531725303426
2022-12-01,3.296350920825743,5.107194728440173,1.236825933323091
2023-01-02,3.226627928710741,5.040093339851222,1.113035796589338
2023-02-01,3.1952773290410463,5.029393452974721,1.2336380396374254
2023-03-02,3.3463480663603993,5.310674231339527,1.2147027193117224
2023-04-03,3.3033656739595294,5.277582961795228,1.2305269626670765
2023-05-02,3.3553989420330392,5.40080234978607,1.2639806421877402
2023-06-01,3.4336094680961993,5.564051855090613,1.2985097557228455
2023-07-03,3.5511481625766677,5.797018460486767,1.317713934552159
2023-08-01,3.433362981176608,5.648173276741012,1.3481333538177913
2023-09-01,3.3043216165870413,5.482717124247403,1.2992779228760183
2023-10-04,3.394570328585439,5.6735947227913215,1.2269549854048245
2023-11-01,3.2860675765106624,5.534553404421698,1.1895452450453223
2023-12-01,3.0609091477898214,5.196799477031549,1.2859118144108164
2024-01-02,3.2163202915735245,5.492863842033677,1.3848133353817795
2024-02-01,3.1842682852477755,5.457357255641662,1.315140574589031
2024-03-04,3.459208406774493,5.951680040893789,1.386925795053004
2024-04-01,3.6165011500897344,6.243262797084063,1.4375480104470737
2024-05-02,3.6168954662104302,6.266210940624067,1.3992548778614233
2024-06-03,3.795556385243264,6.594865843635928,1.4037486557074828
2024-07-01,4.012814032824276,6.996108193128364,1.4761868182516522
2024-08-01,3.7964745076856317,6.639299170484609,1.4615916423413742
2024-09-02,3.6656410524279344,6.4357839802903944,1.390728222461208
2024-10-02,3.657278200192367,6.450940907334025,1.3086495621447234
2024-11-01,3.6639362279986654,6.484662340428132,1.296243662620987
2024-12-02,3.517596274911883,6.244999254393421,1.2495775080657556
2025-01-02,3.5869435806968095,6.388093020794708,1.2205023813181755
2025-02-03,3.6865188335375088,6.583745462849211,1.2465432478107243
2025-03-04,3.9277724601700448,7.033593697019457,1.2829159625134436
2025-04-01,3.961894594915354,7.115161350388486,1.299047472730067
2025-05-02,4.222521046137593,7.641908790490271,1.3012367491166086
2025-06-02,4.63150631933222,8.440980526487545,1.3815102166231379
2025-07-01,4.696207456055742,8.6266062955401,1.5987862958979884
2025-08-01,4.554231069350892,8.43727635277999,1.615916423413736
2025-09-01,4.760907985618872,8.883605224627793,1.6259410047626375
2025-10-01,4.83481387718114,9.082410184782683,1.8411814410815805
2025-11-03,5.2325569042018705,9.899009929162801,2.3007758488247054
2025-12-01,5.162461312999927,9.833689667384037,2.127669380857276
2026-01-02,5.720138135709513,10.956377539934767,2.3973344599784925
2026-02-02,6.17313756107129,11.897984400091573,2.786372714702721
2026-03-03,6.824446222369123,13.2288312262212,3.3008142571823647
2026-04-01,7.066445457095969,13.780574971656984,3.1258257796896625
2026-05-04,8.61711504951301,16.89106047084335,4.031571669995394
2026-06-01,10.226469813338548,20.14684715443618,5.376824396988789
2026-07-01,11.496992863357997,22.80354989333669,5.128898448302354
2026-08-03,9.786597179006728,19.57270185027798,3.7898294668919985
2026-09-01,9.96736058321721,20.07535493646551,4.130050699032112
