,,CAGR,산술 연율,t,개월
SUR,Q1,0.047837138175964355,0.0714794173836708,1.1014009393194168,116.0
SUR,Q2,0.07700204849243164,0.09737762808799744,1.530393977275638,116.0
SUR,Q3,0.09893345832824707,0.11951036006212234,1.8171354637043706,116.0
SUR,Q4,0.1297600269317627,0.1459483802318573,2.2422484738966193,116.0
SUR,Q5,0.19031250476837158,0.19767847657203674,2.753001088048644,116.0
SUR,Q5-Q1,0.1278442144393921,0.12619905173778534,4.575190541395288,116.0
원 리비전,Q1,0.062201738357543945,0.08706141263246536,1.3507154155351433,116.0
원 리비전,Q2,0.0690222978591919,0.08941645175218582,1.4213764899840324,116.0
원 리비전,Q3,0.08234298229217529,0.10614614188671112,1.5339317761623485,116.0
원 리비전,Q4,0.11229097843170166,0.1318742334842682,1.9843849781967478,116.0
원 리비전,Q5,0.1664804220199585,0.17959094047546387,2.3736197838440662,116.0
원 리비전,Q5-Q1,0.09177935123443604,0.09252952039241791,3.073304213906685,116.0
커버일수,Q1,0.03504753112792969,0.06206582486629486,0.6719424037395844,86.0
커버일수,Q2,0.03229403495788574,0.059965021908283234,0.6680532339548959,86.0
커버일수,Q3,0.017069101333618164,0.04049010947346687,0.4625677604590245,86.0
커버일수,Q4,-0.016670286655426025,0.004763717297464609,0.06365973774441466,86.0
커버일수,Q5,-0.018454372882843018,0.0047847614623606205,0.06342726040113046,86.0
커버일수,Q5-Q1,-0.06345170736312866,-0.057281069457530975,-1.218596144324118,86.0
