손잡이,값,확정,Sharpe,CAGR,MDD
롱 비율,0.08,False,1.256826878464809,0.27131650960176334,-0.16482354686612577
롱 비율,0.1,True,1.256104960362391,0.2685319113760787,-0.1887094617827494
롱 비율,0.12,False,1.1725206128106669,0.2508414211111667,-0.19751585521254644
숏 비율,0.08,False,1.2140768083036302,0.2644061152447361,-0.248885758918162
숏 비율,0.1,True,1.256104960362391,0.2685319113760787,-0.1887094617827494
숏 비율,0.12,False,1.2779191606225668,0.26179763810262235,-0.1705273373328433
숏 비율,0.15,False,1.2380024488952084,0.24543588564783136,-0.13632028628413873
숏 업종 종목 수 상한,2,False,1.3598815051642605,0.28593043763556647,-0.15112713002353673
숏 업종 종목 수 상한,3,True,1.256104960362391,0.2685319113760787,-0.1887094617827494
숏 업종 종목 수 상한,4,False,1.1724406382357782,0.2515598897672795,-0.21835772654356012
숏 업종 종목 수 상한,없음,False,1.158486437097228,0.24744104326499383,-0.23871925835452956
롱 신호,SUR 12개월,True,1.256104960362391,0.2685319113760787,-0.1887094617827494
롱 신호,SUR 18개월,False,1.1712580636317451,0.2576350083643997,-0.19477046977901247
롱 신호,SUR 24개월,False,1.1010034663676667,0.2306265662153335,-0.19010141271946857
롱 신호,원 리비전,False,1.0599363927195162,0.22425780968783027,-0.2534028655248528
롱 밴드,1.5,False,1.1720139916623042,0.24173233404974703,-0.2441622836608659
롱 밴드,2.0,True,1.256104960362391,0.2685319113760787,-0.1887094617827494
롱 밴드,2.5,False,1.2090139046892163,0.26660051189698364,-0.16722764026825176
숏 밴드,1.5,False,1.2272453922774575,0.2568142934992037,-0.15299463650361533
숏 밴드,2.0,True,1.256104960362391,0.2685319113760787,-0.1887094617827494
숏 밴드,3.0,False,1.2584342713702332,0.26177828848522844,-0.16797860641101892
숏 교체 주기(개월),1,True,1.256104960362391,0.2685319113760787,-0.1887094617827494
숏 교체 주기(개월),2,False,1.3753505680208524,0.2922060352445457,-0.14835620952148199
숏 교체 주기(개월),3,False,1.2665401886158005,0.27402879868704333,-0.1972669752746974
손절,없음,False,1.2451091221478159,0.26484746460343,-0.1976086034292832
손절,0.2,False,1.2483543691880623,0.2698614764521301,-0.19122702118013069
손절,0.3,True,1.256104960362391,0.2685319113760787,-0.1887094617827494
손절,0.4,False,1.2325202102495214,0.2609668734154844,-0.19862633697855825
변동성 반감기(일),10,False,1.242936341795498,0.2692470278682626,-0.20385042847900336
변동성 반감기(일),20,True,1.256104960362391,0.2685319113760787,-0.1887094617827494
변동성 반감기(일),40,False,1.2505120833349397,0.26700827064484534,-0.18493581471529086
변동성 반감기(일),60,False,1.237792538351035,0.2639481394459031,-0.18932279284594322
숏 업종 비중 상한,없음,False,1.256014862769894,0.26850406367410384,-0.18888160892059114
숏 업종 비중 상한,0.2,False,1.26207556224602,0.267169862755108,-0.18766901752314158
숏 업종 비중 상한,0.25,False,1.2584354565632236,0.26809020013206597,-0.187444283645263
숏 업종 비중 상한,0.3,True,1.256104960362391,0.2685319113760787,-0.1887094617827494
숏 업종 비중 상한,0.35,False,1.2560148627698944,0.26850406367410384,-0.18888160892059103
숏 업종 비중 상한,0.4,False,1.2560148627698944,0.26850406367410384,-0.18888160892059103
롱 업종 비중 상한,없음,False,1.2509949368447817,0.26827216777821783,-0.1892704792973755
롱 업종 비중 상한,0.2,False,1.2692051116986922,0.2642847967074238,-0.1790830394446571
롱 업종 비중 상한,0.25,False,1.2657979763081806,0.2677280652937466,-0.18510918027645207
롱 업종 비중 상한,0.3,True,1.256104960362391,0.2685319113760787,-0.1887094617827494
롱 업종 비중 상한,0.35,False,1.2532518158935122,0.26891381592948105,-0.1892704792973754
롱 업종 비중 상한,0.4,False,1.2520807738668434,0.2686126942978728,-0.1892704792973754
