date,trig_day,exit_day,code,name,w_nav,r_exit,month_end_ret,손절 효과(NAV)
2017-04-28,2017-05-30,2017-05-31,027410,BGF,0.07041526101755188,0.30987895,0.30987895,-0.0
2017-05-31,2017-06-14,2017-06-15,008930,한미사이언스,0.05310492020785297,0.336038,0.13441515,-0.010707165029018998
2017-11-30,2017-12-07,2017-12-08,052690,한전기술,0.020329914864359214,0.2609985,0.31975794,0.001194574634527123
2018-03-30,2018-04-24,2018-04-25,006360,GS건설,0.051537866017449675,0.2847016,0.41667736,0.006801749551636745
2018-04-30,2018-05-29,2018-05-30,012450,한화에어로스페이스,0.02722682678472825,0.36614966,0.41966236,0.0014569808081608005
2018-04-30,2018-05-29,2018-05-30,079550,LIG디펜스앤에어로스페이스,0.024562652304728337,0.36389804,0.37467837,0.00026479360738053235
2018-10-31,2018-11-28,2018-11-29,115390,락앤락,0.016241772963456528,0.25325918,0.30457532,0.0008334651290598029
2020-02-28,2020-03-10,2020-03-11,003000,부광약품,0.016166795669176445,0.29270148,0.9276811,0.010265585539037812
2021-06-30,2021-07-14,2021-07-15,009240,한샘,0.03225529339299174,0.18660188,0.14832687,-0.0012345714653565205
2021-11-30,2021-12-15,2021-12-16,003520,영진약품,0.010592337893568528,0.29656863,0.29656863,-0.0
2022-01-28,2022-02-21,2022-02-22,011200,HMM,0.08070735044780321,0.33991373,0.25709212,-0.006684312508394106
2022-06-30,2022-07-28,2022-07-29,003670,포스코퓨처엠,0.058474168940625584,0.26442647,0.26442647,-0.0
2022-10-31,2022-11-15,2022-11-16,090430,아모레퍼시픽,0.09950412760428592,0.26680112,0.3495264,0.008231507462381627
2022-10-31,2022-11-17,2022-11-18,326030,SK바이오팜,0.04274873577537196,0.3247863,0.2581197,-0.002849913000466706
2022-10-31,2022-11-16,2022-11-17,336260,두산퓨얼셀,0.054893865425559484,0.29298246,0.17894733,-0.0062598290551458
2023-07-31,2023-08-10,2023-08-11,032350,롯데관광개발,0.04465152015967301,0.28886664,0.71815443,0.01916835246539626
2023-10-31,2023-11-21,2023-11-22,336260,두산퓨얼셀,0.0332428836862872,0.29042292,0.511194,0.007339067144086816
2023-10-31,2023-11-06,2023-11-07,323410,카카오뱅크,0.06030273371288834,0.21805918,0.39660704,0.0107669240078551
2023-10-31,2023-11-06,2023-11-07,373220,LG에너지솔루션,0.18464582527107365,0.17350996,0.20397353,0.005624972189730055
2025-04-30,2025-05-13,2025-05-14,180640,한진칼,0.026036186770853956,0.8638723,0.74876463,-0.002996964418009422
2025-05-30,2025-06-20,2025-06-23,336260,두산퓨얼셀,0.026532013314743537,0.340235,0.25629544,-0.002227085319446356
2025-05-30,2025-06-20,2025-06-23,323410,카카오뱅크,0.04691829912638071,0.28896868,0.24737954,-0.0019512917527813995
2025-05-30,2025-06-23,2025-06-24,361610,SK아이이테크놀로지,0.01975538856881615,0.3452381,0.28095233,-0.0012699900725756106
2025-06-30,2025-07-29,2025-07-30,373220,LG에너지솔루션,0.10541142086385191,0.32100844,0.28571427,-0.0037204091505694116
2025-09-30,2025-10-22,2025-10-23,373220,LG에너지솔루션,0.10148670613149405,0.2877698,0.3611511,0.007447226909785914
2025-09-30,2025-10-24,2025-10-27,096770,SK이노베이션,0.05071032637786502,0.31431437,0.29029024,-0.001218271418166728
2025-09-30,2025-10-13,2025-10-14,042700,한미반도체,0.08495595448115141,0.35615885,0.5142193,0.01342817482212067
2025-09-30,2025-10-24,2025-10-27,022100,포스코DX,0.023311156620129985,0.3701676,0.2644124,-0.0024652762619048947
2025-10-31,2025-11-17,2025-11-18,111770,영원무역,0.0185290224913978,0.43401325,0.5190823,0.0015762465320955366
2025-11-28,2025-12-12,2025-12-15,180640,한진칼,0.034020792861037145,0.17878294,0.21807337,0.0013366915179079718
2025-12-30,2026-01-23,2026-01-26,377300,카카오페이,0.04922581595539203,0.39566934,0.2480315,-0.007267593341013205
2025-12-30,2026-01-28,2026-01-29,003670,포스코퓨처엠,0.09157526873421104,0.3284322,0.26342714,-0.005952856205857128
2026-01-30,2026-02-19,2026-02-20,180640,한진칼,0.030111854847070945,0.34087098,0.41319942,0.0021779437363907803
2026-01-30,2026-02-04,2026-02-05,009830,한화솔루션,0.06520182532189997,0.37357974,1.0,0.04084374433643437
2026-03-31,2026-04-16,2026-04-17,011790,SKC,0.04523540938761795,0.22807395,0.27451825,0.002100926781135096
2026-03-31,2026-04-24,2026-04-27,008770,호텔신라,0.031788191715783606,0.49095023,0.48190045,-0.000287675925982441
2026-07-31,2026-08-27,2026-08-28,003670,포스코퓨처엠,0.07567172831835534,0.36184216,0.4656433,0.007854811002972478
2026-07-31,2026-08-26,2026-08-27,361610,SK아이이테크놀로지,0.016549414136234532,0.3617339,0.21001494,-0.002510860134928368
