규모억,일수,전체,롱,숏,80%미만 달,버전
50,3,0.8657628666297433,0.8472174894273771,0.9227753104889594,0.2068965517241379,v7 체결률 미고려
50,5,0.9132643543337208,0.8983301427929129,0.9591753049582964,0.0689655172413793,v7 체결률 미고려
100,3,0.7847708554359137,0.7659548457788431,0.8426152379304614,0.5086206896551724,v7 체결률 미고려
100,5,0.8456363410760571,0.8264781048175245,0.9045328003284052,0.2586206896551724,v7 체결률 미고려
125,3,0.7550090075544922,0.73717953226921,0.8098206316515488,0.646551724137931,v7 체결률 미고려
125,5,0.8193713362833512,0.7998133600557905,0.8794967423276417,0.3793103448275862,v7 체결률 미고려
150,3,0.7297011790569801,0.7128937728244225,0.7813708685223666,0.75,v7 체결률 미고려
150,5,0.7977518336416639,0.7786260242155647,0.8565488080318233,0.4224137931034483,v7 체결률 미고려
200,3,0.6884550134498955,0.6724205776737366,0.7377484246765789,0.8793103448275862,v7 체결률 미고려
200,5,0.7606253835386261,0.7425665659771941,0.8161421932817488,0.603448275862069,v7 체결률 미고려
300,3,0.6248872816640105,0.6099014322403131,0.67095711083581,0.9913793103448276,v7 체결률 미고려
300,5,0.7040014386362848,0.6876843568711967,0.7541637716643468,0.8189655172413793,v7 체결률 미고려
500,3,0.5382685915397784,0.5242359184049393,0.5814081469156546,1.0,v7 체결률 미고려
500,5,0.624887440301404,0.6099016012026779,0.6709572396504981,0.9913793103448276,v7 체결률 미고려
700,3,0.4801792213701661,0.4678076057861111,0.5182123074152895,1.0,v7 체결률 미고려
700,5,0.5683243275596253,0.5537789582503387,0.6130400139418615,1.0,v7 체결률 미고려
1000,3,0.4201074819814231,0.4091460325319655,0.4538053891214539,1.0,v7 체결률 미고려
1000,5,0.5067892735588803,0.4936585861144307,0.5471558955305506,1.0,v7 체결률 미고려
1500,3,0.355400915453107,0.3468087153282486,0.3818152302433783,1.0,v7 체결률 미고려
1500,5,0.4376575464039984,0.426237446576908,0.4727654474521082,1.0,v7 체결률 미고려
50,3,0.9705528234229146,0.9660932682012958,0.9875587023784907,0.0086206896551724,v8 체결률 고려
50,5,0.9816307360380836,0.9784988251644992,0.9935738322817717,0.0,v8 체결률 고려
100,3,0.9459113408786802,0.9397893220106632,0.9692562798007612,0.0086206896551724,v8 체결률 고려
100,5,0.9655865022402684,0.9606444645192872,0.98443184905056,0.0086206896551724,v8 체결률 고려
125,3,0.9346988518560646,0.9285682677442676,0.9580761887492087,0.0086206896551724,v8 체결률 고려
125,5,0.958073971466068,0.9525581974755042,0.9791068949938172,0.0086206896551724,v8 체결률 고려
150,3,0.9243819191428302,0.9183726376987656,0.9472967008735472,0.0086206896551724,v8 체결률 고려
150,5,0.9507047891200152,0.944763500914518,0.9733602968867068,0.0086206896551724,v8 체결률 고려
200,3,0.9066046343471246,0.9013171473778772,0.92676704961602,0.0258620689655172,v8 체결률 고려
200,5,0.9368853480811316,0.9307336325029236,0.9603432676609528,0.0086206896551724,v8 체결률 고려
300,3,0.8771578817464085,0.8741205131438325,0.888740069178395,0.0603448275862069,v8 체결률 고려
300,5,0.9133095369950778,0.907702708301626,0.9346896687220996,0.0086206896551724,v8 체결률 고려
500,3,0.8306461804304872,0.8313116720820961,0.8281085134964051,0.3189655172413793,v8 체결률 고려
500,5,0.8771579892500636,0.8741205582480075,0.8887403858133285,0.0603448275862069,v8 체결률 고려
700,3,0.7910198306267243,0.7945235898999912,0.7776592262775811,0.5603448275862069,v8 체결률 고려
700,5,0.8481838036072316,0.847338548527849,0.851406947039458,0.2413793103448276,v8 체결률 고려
1000,3,0.740888119997668,0.7486739561489701,0.7111990128584509,0.7672413793103449,v8 체결률 고려
1000,5,0.8102526573092274,0.8122927099116183,0.8024734876600041,0.396551724137931,v8 체결률 고려
1500,3,0.6731530007497383,0.6856786980783225,0.6253897595570076,0.9310344827586208,v8 체결률 고려
1500,5,0.7566043970252643,0.7631134644140618,0.7317838902322895,0.7241379310344828,v8 체결률 고려
